Date,Product ID,Product Title,Sale Price,Your Earnings,Licenses,License Type,Status
10/03/2025,102,Back to School All About Me Activities,$3.00,$2.40,1,Single,Completed
10/03/2025,105,Halloween Math Centers 3rd Grade,$4.50,$-3.60,1,Single,Refunded
10/03/2025,105,Halloween Math Centers 3rd Grade,$4.50,$3.60,1,Single,Completed
10/04/2025,108,Test Prep Math Review Spiral,$6.00,$4.80,1,Single,Completed
10/05/2025,105,Halloween Math Centers 3rd Grade,$4.50,$3.60,1,Single,Completed
10/06/2025,104,Multiplication Facts Fluency Games,$5.00,$4.00,1,Single,Completed
10/07/2025,103,Reading Comprehension Passages 2nd Grade BUNDLE,$18.00,$14.40,1,Single,Completed
10/07/2025,103,Reading Comprehension Passages 2nd Grade BUNDLE,$18.00,$14.40,1,Single,Completed
10/08/2025,103,Reading Comprehension Passages 2nd Grade BUNDLE,$18.00,$14.40,1,Single,Completed
10/09/2025,103,Reading Comprehension Passages 2nd Grade BUNDLE,$18.00,$14.40,1,Single,Completed
10/09/2025,104,Multiplication Facts Fluency Games,$5.00,$4.00,1,Single,Completed
10/09/2025,104,Multiplication Facts Fluency Games,$4.00,$3.20,1,Single,Completed
10/10/2025,101,Fraction Task Cards 3rd Grade | Equivalent Fractions,$3.20,$2.56,1,Single,Completed
10/10/2025,102,Back to School All About Me Activities,$2.40,$1.62,1,Single,Completed
10/10/2025,106,End of Year Memory Book,$3.50,$2.80,1,Single,Completed
10/10/2025,108,Test Prep Math Review Spiral,$14.40,$11.52,3,Multiple,Completed
10/11/2025,105,Halloween Math Centers 3rd Grade,$4.50,$3.60,1,Single,Completed
10/13/2025,103,Reading Comprehension Passages 2nd Grade BUNDLE,$36.00,$28.80,2,Multiple,Completed
10/13/2025,106,End of Year Memory Book,$2.80,$1.94,1,Single,Completed
10/14/2025,101,Fraction Task Cards 3rd Grade | Equivalent Fractions,$4.00,$3.20,1,Single,Completed
10/14/2025,104,Multiplication Facts Fluency Games,$4.00,$3.20,1,Single,Completed
10/15/2025,103,Reading Comprehension Passages 2nd Grade BUNDLE,$54.00,$43.20,3,Multiple,Completed
10/16/2025,103,Reading Comprehension Passages 2nd Grade BUNDLE,$18.00,$14.40,1,Single,Completed
10/16/2025,105,Halloween Math Centers 3rd Grade,$4.50,$3.60,1,Single,Completed
10/16/2025,105,Halloween Math Centers 3rd Grade,$4.50,$3.60,1,Single,Completed
10/18/2025,104,Multiplication Facts Fluency Games,$10.00,$8.00,2,Multiple,Completed
10/18/2025,105,Halloween Math Centers 3rd Grade,$4.50,$3.60,1,Single,Completed
10/19/2025,106,End of Year Memory Book,$7.00,$5.60,2,Multiple,Completed
10/20/2025,102,Back to School All About Me Activities,$3.00,$2.40,1,Single,Completed
10/21/2025,105,Halloween Math Centers 3rd Grade,$3.60,$2.88,1,Single,Completed
10/21/2025,106,End of Year Memory Book,$2.80,$1.94,1,Single,Completed
10/22/2025,101,Fraction Task Cards 3rd Grade | Equivalent Fractions,$6.40,$5.12,2,Multiple,Completed
10/22/2025,102,Back to School All About Me Activities,$3.00,$2.40,1,Single,Completed
10/22/2025,102,Back to School All About Me Activities,$3.00,$2.40,1,Single,Completed
10/23/2025,104,Multiplication Facts Fluency Games,$5.00,$4.00,1,Single,Completed
10/23/2025,104,Multiplication Facts Fluency Games,$5.00,$4.00,1,Single,Completed
10/23/2025,105,Halloween Math Centers 3rd Grade,$4.50,$3.60,1,Single,Completed
10/24/2025,102,Back to School All About Me Activities,$3.00,$2.40,1,Single,Completed
10/26/2025,103,Reading Comprehension Passages 2nd Grade BUNDLE,$18.00,$14.40,1,Single,Completed
10/28/2025,105,Halloween Math Centers 3rd Grade,$4.50,$3.60,1,Single,Completed
10/28/2025,108,Test Prep Math Review Spiral,$6.00,$4.80,1,Single,Completed
10/28/2025,108,Test Prep Math Review Spiral,$18.00,$14.40,3,Multiple,Completed
10/31/2025,101,Fraction Task Cards 3rd Grade | Equivalent Fractions,$4.00,$3.20,1,Single,Completed
10/31/2025,102,Back to School All About Me Activities,$3.00,$2.40,1,Single,Completed
10/31/2025,103,Reading Comprehension Passages 2nd Grade BUNDLE,$14.40,$11.52,1,Single,Completed
10/31/2025,106,End of Year Memory Book,$3.50,$2.80,1,Single,Completed
11/02/2025,106,End of Year Memory Book,$2.80,$1.94,1,Single,Completed
11/04/2025,104,Multiplication Facts Fluency Games,$20.00,$16.00,5,Multiple,Completed
11/04/2025,106,End of Year Memory Book,$3.50,$2.80,1,Single,Completed
11/05/2025,108,Test Prep Math Review Spiral,$6.00,$4.80,1,Single,Completed
11/06/2025,103,Reading Comprehension Passages 2nd Grade BUNDLE,$72.00,$57.60,5,Multiple,Completed
11/07/2025,101,Fraction Task Cards 3rd Grade | Equivalent Fractions,$4.00,$3.20,1,Single,Completed
11/07/2025,103,Reading Comprehension Passages 2nd Grade BUNDLE,$18.00,$14.40,1,Single,Completed
11/08/2025,102,Back to School All About Me Activities,$3.00,$2.40,1,Single,Completed
11/08/2025,106,End of Year Memory Book,$3.50,$2.80,1,Single,Completed
11/09/2025,104,Multiplication Facts Fluency Games,$5.00,$4.00,1,Single,Completed
11/10/2025,102,Back to School All About Me Activities,$2.40,$1.62,1,Single,Completed
11/10/2025,108,Test Prep Math Review Spiral,$24.00,$19.20,5,Multiple,Completed
11/11/2025,102,Back to School All About Me Activities,$2.40,$1.62,1,Single,Completed
11/12/2025,101,Fraction Task Cards 3rd Grade | Equivalent Fractions,$4.00,$3.20,1,Single,Completed
11/12/2025,108,Test Prep Math Review Spiral,$6.00,$4.80,1,Single,Completed
11/15/2025,106,End of Year Memory Book,$2.80,$1.94,1,Single,Completed
11/16/2025,106,End of Year Memory Book,$3.50,$2.80,1,Single,Completed
11/17/2025,101,Fraction Task Cards 3rd Grade | Equivalent Fractions,$4.00,$3.20,1,Single,Completed
11/17/2025,103,Reading Comprehension Passages 2nd Grade BUNDLE,$18.00,$14.40,1,Single,Completed
11/17/2025,104,Multiplication Facts Fluency Games,$5.00,$4.00,1,Single,Completed
11/18/2025,106,End of Year Memory Book,$17.50,$14.00,5,Multiple,Completed
11/20/2025,106,End of Year Memory Book,$7.00,$5.60,2,Multiple,Completed
11/23/2025,108,Test Prep Math Review Spiral,$6.00,$4.80,1,Single,Completed
11/23/2025,108,Test Prep Math Review Spiral,$18.00,$14.40,3,Multiple,Completed
11/24/2025,104,Multiplication Facts Fluency Games,$15.00,$12.00,3,Multiple,Completed
11/24/2025,108,Test Prep Math Review Spiral,$12.00,$9.60,2,Multiple,Completed
11/25/2025,104,Multiplication Facts Fluency Games,$5.00,$4.00,1,Single,Completed
11/26/2025,101,Fraction Task Cards 3rd Grade | Equivalent Fractions,$4.00,$3.20,1,Single,Completed
11/27/2025,101,Fraction Task Cards 3rd Grade | Equivalent Fractions,$3.20,$2.56,1,Single,Completed
11/27/2025,104,Multiplication Facts Fluency Games,$5.00,$4.00,1,Single,Completed
11/27/2025,107,Place Value Anchor Charts,$1.60,$0.98,1,Single,Completed
11/28/2025,101,Fraction Task Cards 3rd Grade | Equivalent Fractions,$20.00,$-16.00,5,Multiple,Refunded
11/30/2025,104,Multiplication Facts Fluency Games,$15.00,$12.00,3,Multiple,Completed
11/30/2025,105,Halloween Math Centers 3rd Grade,$4.50,$3.60,1,Single,Completed
12/01/2025,102,Back to School All About Me Activities,$3.00,$2.40,1,Single,Completed
12/07/2025,102,Back to School All About Me Activities,$3.00,$2.40,1,Single,Completed
12/08/2025,101,Fraction Task Cards 3rd Grade | Equivalent Fractions,$4.00,$3.20,1,Single,Completed
12/09/2025,101,Fraction Task Cards 3rd Grade | Equivalent Fractions,$4.00,$3.20,1,Single,Completed
12/11/2025,108,Test Prep Math Review Spiral,$6.00,$4.80,1,Single,Completed
12/13/2025,103,Reading Comprehension Passages 2nd Grade BUNDLE,$18.00,$14.40,1,Single,Completed
12/14/2025,104,Multiplication Facts Fluency Games,$5.00,$4.00,1,Single,Completed
12/15/2025,104,Multiplication Facts Fluency Games,$5.00,$4.00,1,Single,Completed
12/15/2025,106,End of Year Memory Book,$2.80,$1.94,1,Single,Completed
12/17/2025,102,Back to School All About Me Activities,$2.40,$1.62,1,Single,Completed
12/18/2025,103,Reading Comprehension Passages 2nd Grade BUNDLE,$90.00,$72.00,5,Multiple,Completed
12/19/2025,102,Back to School All About Me Activities,$3.00,$2.40,1,Single,Completed
12/19/2025,105,Halloween Math Centers 3rd Grade,$13.50,$10.80,3,Multiple,Completed
12/21/2025,103,Reading Comprehension Passages 2nd Grade BUNDLE,$18.00,$14.40,1,Single,Completed
12/21/2025,106,End of Year Memory Book,$17.50,$14.00,5,Multiple,Completed
12/25/2025,101,Fraction Task Cards 3rd Grade | Equivalent Fractions,$4.00,$3.20,1,Single,Completed
12/28/2025,102,Back to School All About Me Activities,$3.00,$2.40,1,Single,Completed
12/28/2025,103,Reading Comprehension Passages 2nd Grade BUNDLE,$18.00,$14.40,1,Single,Completed
12/30/2025,104,Multiplication Facts Fluency Games,$5.00,$4.00,1,Single,Completed
12/31/2025,104,Multiplication Facts Fluency Games,$10.00,$8.00,2,Multiple,Completed
01/01/2026,105,Halloween Math Centers 3rd Grade,$4.50,$3.60,1,Single,Completed
01/03/2026,107,Place Value Anchor Charts,$1.60,$0.98,1,Single,Completed
01/04/2026,102,Back to School All About Me Activities,$3.00,$2.40,1,Single,Completed
01/04/2026,105,Halloween Math Centers 3rd Grade,$3.60,$2.88,1,Single,Completed
01/07/2026,103,Reading Comprehension Passages 2nd Grade BUNDLE,$14.40,$11.52,1,Single,Completed
01/08/2026,101,Fraction Task Cards 3rd Grade | Equivalent Fractions,$3.20,$2.56,1,Single,Completed
01/08/2026,106,End of Year Memory Book,$3.50,$2.80,1,Single,Completed
01/12/2026,103,Reading Comprehension Passages 2nd Grade BUNDLE,$14.40,$11.52,1,Single,Completed
01/13/2026,101,Fraction Task Cards 3rd Grade | Equivalent Fractions,$4.00,$3.20,1,Single,Completed
01/13/2026,102,Back to School All About Me Activities,$3.00,$2.40,1,Single,Completed
01/14/2026,103,Reading Comprehension Passages 2nd Grade BUNDLE,$18.00,$14.40,1,Single,Completed
01/16/2026,103,Reading Comprehension Passages 2nd Grade BUNDLE,$18.00,$14.40,1,Single,Completed
01/17/2026,108,Test Prep Math Review Spiral,$6.00,$4.80,1,Single,Completed
01/19/2026,102,Back to School All About Me Activities,$6.00,$4.80,2,Multiple,Completed
01/20/2026,101,Fraction Task Cards 3rd Grade | Equivalent Fractions,$20.00,$16.00,5,Multiple,Completed
01/20/2026,102,Back to School All About Me Activities,$3.00,$2.40,1,Single,Completed
01/21/2026,104,Multiplication Facts Fluency Games,$5.00,$4.00,1,Single,Completed
01/24/2026,101,Fraction Task Cards 3rd Grade | Equivalent Fractions,$4.00,$3.20,1,Single,Completed
01/24/2026,101,Fraction Task Cards 3rd Grade | Equivalent Fractions,$12.00,$9.60,3,Multiple,Completed
01/26/2026,105,Halloween Math Centers 3rd Grade,$4.50,$3.60,1,Single,Completed
01/27/2026,101,Fraction Task Cards 3rd Grade | Equivalent Fractions,$4.00,$3.20,1,Single,Completed
01/28/2026,102,Back to School All About Me Activities,$2.40,$1.62,1,Single,Completed
01/28/2026,106,End of Year Memory Book,$2.80,$1.94,1,Single,Completed
01/28/2026,107,Place Value Anchor Charts,$2.00,$1.30,1,Single,Completed
01/29/2026,106,End of Year Memory Book,$3.50,$2.80,1,Single,Completed
01/30/2026,101,Fraction Task Cards 3rd Grade | Equivalent Fractions,$9.60,$7.68,3,Multiple,Completed
01/31/2026,108,Test Prep Math Review Spiral,$6.00,$4.80,1,Single,Completed
02/01/2026,102,Back to School All About Me Activities,$15.00,$12.00,5,Multiple,Completed
02/01/2026,104,Multiplication Facts Fluency Games,$25.00,$20.00,5,Multiple,Completed
02/06/2026,102,Back to School All About Me Activities,$3.00,$2.40,1,Single,Completed
02/06/2026,104,Multiplication Facts Fluency Games,$5.00,$4.00,1,Single,Completed
02/08/2026,106,End of Year Memory Book,$3.50,$2.80,1,Single,Completed
02/10/2026,102,Back to School All About Me Activities,$2.40,$1.62,1,Single,Completed
02/12/2026,101,Fraction Task Cards 3rd Grade | Equivalent Fractions,$20.00,$16.00,5,Multiple,Completed
02/12/2026,103,Reading Comprehension Passages 2nd Grade BUNDLE,$18.00,$14.40,1,Single,Completed
02/12/2026,105,Halloween Math Centers 3rd Grade,$4.50,$3.60,1,Single,Completed
02/13/2026,108,Test Prep Math Review Spiral,$4.80,$3.84,1,Single,Completed
02/14/2026,103,Reading Comprehension Passages 2nd Grade BUNDLE,$18.00,$14.40,1,Single,Completed
02/18/2026,102,Back to School All About Me Activities,$6.00,$4.80,2,Multiple,Completed
02/18/2026,103,Reading Comprehension Passages 2nd Grade BUNDLE,$36.00,$28.80,2,Multiple,Completed
02/18/2026,104,Multiplication Facts Fluency Games,$4.00,$3.20,1,Single,Completed
02/19/2026,107,Place Value Anchor Charts,$2.00,$1.30,1,Single,Completed
02/20/2026,104,Multiplication Facts Fluency Games,$25.00,$20.00,5,Multiple,Completed
02/21/2026,104,Multiplication Facts Fluency Games,$25.00,$20.00,5,Multiple,Completed
02/23/2026,107,Place Value Anchor Charts,$2.00,$1.30,1,Single,Completed
02/24/2026,102,Back to School All About Me Activities,$3.00,$2.40,1,Single,Completed
02/25/2026,105,Halloween Math Centers 3rd Grade,$4.50,$3.60,1,Single,Completed
02/26/2026,101,Fraction Task Cards 3rd Grade | Equivalent Fractions,$4.00,$3.20,1,Single,Completed
02/27/2026,101,Fraction Task Cards 3rd Grade | Equivalent Fractions,$9.60,$7.68,3,Multiple,Completed
02/27/2026,103,Reading Comprehension Passages 2nd Grade BUNDLE,$18.00,$14.40,1,Single,Completed
02/27/2026,108,Test Prep Math Review Spiral,$9.60,$7.68,2,Multiple,Completed
03/01/2026,106,End of Year Memory Book,$7.00,$5.60,2,Multiple,Completed
03/01/2026,108,Test Prep Math Review Spiral,$6.00,$4.80,1,Single,Completed
03/01/2026,108,Test Prep Math Review Spiral,$6.00,$4.80,1,Single,Completed
03/02/2026,105,Halloween Math Centers 3rd Grade,$4.50,$3.60,1,Single,Completed
03/04/2026,108,Test Prep Math Review Spiral,$6.00,$4.80,1,Single,Completed
03/04/2026,108,Test Prep Math Review Spiral,$4.80,$3.84,1,Single,Completed
03/05/2026,101,Fraction Task Cards 3rd Grade | Equivalent Fractions,$4.00,$3.20,1,Single,Completed
03/05/2026,108,Test Prep Math Review Spiral,$6.00,$4.80,1,Single,Completed
03/06/2026,102,Back to School All About Me Activities,$3.00,$2.40,1,Single,Completed
03/06/2026,108,Test Prep Math Review Spiral,$18.00,$14.40,3,Multiple,Completed
03/06/2026,108,Test Prep Math Review Spiral,$6.00,$4.80,1,Single,Completed
03/07/2026,101,Fraction Task Cards 3rd Grade | Equivalent Fractions,$4.00,$3.20,1,Single,Completed
03/08/2026,101,Fraction Task Cards 3rd Grade | Equivalent Fractions,$4.00,$3.20,1,Single,Completed
03/09/2026,103,Reading Comprehension Passages 2nd Grade BUNDLE,$90.00,$72.00,5,Multiple,Completed
03/10/2026,101,Fraction Task Cards 3rd Grade | Equivalent Fractions,$4.00,$3.20,1,Single,Completed
03/10/2026,103,Reading Comprehension Passages 2nd Grade BUNDLE,$54.00,$43.20,3,Multiple,Completed
03/11/2026,101,Fraction Task Cards 3rd Grade | Equivalent Fractions,$4.00,$3.20,1,Single,Completed
03/11/2026,104,Multiplication Facts Fluency Games,$10.00,$8.00,2,Multiple,Completed
03/12/2026,108,Test Prep Math Review Spiral,$6.00,$4.80,1,Single,Completed
03/12/2026,108,Test Prep Math Review Spiral,$6.00,$4.80,1,Single,Completed
03/14/2026,103,Reading Comprehension Passages 2nd Grade BUNDLE,$18.00,$14.40,1,Single,Completed
03/14/2026,103,Reading Comprehension Passages 2nd Grade BUNDLE,$36.00,$28.80,2,Multiple,Completed
03/14/2026,107,Place Value Anchor Charts,$6.00,$4.80,3,Multiple,Completed
03/14/2026,108,Test Prep Math Review Spiral,$6.00,$4.80,1,Single,Completed
03/15/2026,101,Fraction Task Cards 3rd Grade | Equivalent Fractions,$4.00,$3.20,1,Single,Completed
03/15/2026,101,Fraction Task Cards 3rd Grade | Equivalent Fractions,$4.00,$3.20,1,Single,Completed
03/15/2026,105,Halloween Math Centers 3rd Grade,$4.50,$3.60,1,Single,Completed
03/15/2026,108,Test Prep Math Review Spiral,$12.00,$9.60,2,Multiple,Completed
03/17/2026,108,Test Prep Math Review Spiral,$4.80,$3.84,1,Single,Completed
03/18/2026,101,Fraction Task Cards 3rd Grade | Equivalent Fractions,$4.00,$3.20,1,Single,Completed
03/18/2026,104,Multiplication Facts Fluency Games,$5.00,$4.00,1,Single,Completed
03/18/2026,107,Place Value Anchor Charts,$4.00,$3.20,2,Multiple,Completed
03/18/2026,107,Place Value Anchor Charts,$2.00,$1.30,1,Single,Completed
03/19/2026,108,Test Prep Math Review Spiral,$6.00,$4.80,1,Single,Completed
03/21/2026,103,Reading Comprehension Passages 2nd Grade BUNDLE,$18.00,$14.40,1,Single,Completed
03/22/2026,103,Reading Comprehension Passages 2nd Grade BUNDLE,$18.00,$14.40,1,Single,Completed
03/22/2026,108,Test Prep Math Review Spiral,$30.00,$24.00,5,Multiple,Completed
03/22/2026,108,Test Prep Math Review Spiral,$6.00,$4.80,1,Single,Completed
03/23/2026,108,Test Prep Math Review Spiral,$6.00,$4.80,1,Single,Completed
03/24/2026,103,Reading Comprehension Passages 2nd Grade BUNDLE,$54.00,$43.20,3,Multiple,Completed
03/25/2026,101,Fraction Task Cards 3rd Grade | Equivalent Fractions,$4.00,$3.20,1,Single,Completed
03/25/2026,102,Back to School All About Me Activities,$3.00,$2.40,1,Single,Completed
03/25/2026,107,Place Value Anchor Charts,$2.00,$1.30,1,Single,Completed
03/25/2026,108,Test Prep Math Review Spiral,$12.00,$9.60,2,Multiple,Completed
03/26/2026,103,Reading Comprehension Passages 2nd Grade BUNDLE,$90.00,$72.00,5,Multiple,Completed
03/26/2026,108,Test Prep Math Review Spiral,$6.00,$4.80,1,Single,Completed
03/27/2026,102,Back to School All About Me Activities,$9.00,$7.20,3,Multiple,Completed
03/27/2026,107,Place Value Anchor Charts,$2.00,$1.30,1,Single,Completed
03/29/2026,101,Fraction Task Cards 3rd Grade | Equivalent Fractions,$12.00,$9.60,3,Multiple,Completed
03/31/2026,102,Back to School All About Me Activities,$3.00,$2.40,1,Single,Completed
03/31/2026,108,Test Prep Math Review Spiral,$6.00,$4.80,1,Single,Completed
04/01/2026,108,Test Prep Math Review Spiral,$30.00,$24.00,5,Multiple,Completed
04/02/2026,108,Test Prep Math Review Spiral,$30.00,$24.00,5,Multiple,Completed
04/03/2026,104,Multiplication Facts Fluency Games,$5.00,$4.00,1,Single,Completed
04/04/2026,101,Fraction Task Cards 3rd Grade | Equivalent Fractions,$4.00,$3.20,1,Single,Completed
04/04/2026,103,Reading Comprehension Passages 2nd Grade BUNDLE,$43.20,$34.56,3,Multiple,Completed
04/05/2026,101,Fraction Task Cards 3rd Grade | Equivalent Fractions,$12.00,$9.60,3,Multiple,Completed
04/05/2026,105,Halloween Math Centers 3rd Grade,$9.00,$7.20,2,Multiple,Completed
04/05/2026,106,End of Year Memory Book,$3.50,$2.80,1,Single,Completed
04/05/2026,107,Place Value Anchor Charts,$6.00,$4.80,3,Multiple,Completed
04/05/2026,107,Place Value Anchor Charts,$1.60,$0.98,1,Single,Completed
04/06/2026,104,Multiplication Facts Fluency Games,$5.00,$4.00,1,Single,Completed
04/06/2026,108,Test Prep Math Review Spiral,$6.00,$4.80,1,Single,Completed
04/07/2026,101,Fraction Task Cards 3rd Grade | Equivalent Fractions,$8.00,$6.40,2,Multiple,Completed
04/07/2026,103,Reading Comprehension Passages 2nd Grade BUNDLE,$18.00,$14.40,1,Single,Completed
04/08/2026,108,Test Prep Math Review Spiral,$18.00,$14.40,3,Multiple,Completed
04/09/2026,101,Fraction Task Cards 3rd Grade | Equivalent Fractions,$4.00,$3.20,1,Single,Completed
04/09/2026,108,Test Prep Math Review Spiral,$12.00,$9.60,2,Multiple,Completed
04/09/2026,108,Test Prep Math Review Spiral,$18.00,$14.40,3,Multiple,Completed
04/12/2026,108,Test Prep Math Review Spiral,$4.80,$3.84,1,Single,Completed
04/13/2026,104,Multiplication Facts Fluency Games,$10.00,$8.00,2,Multiple,Completed
04/14/2026,102,Back to School All About Me Activities,$3.00,$2.40,1,Single,Completed
04/14/2026,104,Multiplication Facts Fluency Games,$10.00,$8.00,2,Multiple,Completed
04/14/2026,108,Test Prep Math Review Spiral,$30.00,$24.00,5,Multiple,Completed
04/14/2026,108,Test Prep Math Review Spiral,$6.00,$4.80,1,Single,Completed
04/15/2026,104,Multiplication Facts Fluency Games,$15.00,$12.00,3,Multiple,Completed
04/15/2026,108,Test Prep Math Review Spiral,$12.00,$9.60,2,Multiple,Completed
04/17/2026,102,Back to School All About Me Activities,$3.00,$2.40,1,Single,Completed
04/17/2026,102,Back to School All About Me Activities,$3.00,$2.40,1,Single,Completed
04/17/2026,104,Multiplication Facts Fluency Games,$5.00,$4.00,1,Single,Completed
04/17/2026,104,Multiplication Facts Fluency Games,$4.00,$3.20,1,Single,Completed
04/17/2026,107,Place Value Anchor Charts,$6.00,$4.80,3,Multiple,Completed
04/18/2026,102,Back to School All About Me Activities,$3.00,$2.40,1,Single,Completed
04/18/2026,103,Reading Comprehension Passages 2nd Grade BUNDLE,$18.00,$14.40,1,Single,Completed
04/18/2026,106,End of Year Memory Book,$3.50,$2.80,1,Single,Completed
04/18/2026,108,Test Prep Math Review Spiral,$4.80,$3.84,1,Single,Completed
04/19/2026,102,Back to School All About Me Activities,$2.40,$1.62,1,Single,Completed
04/19/2026,104,Multiplication Facts Fluency Games,$5.00,$4.00,1,Single,Completed
04/20/2026,103,Reading Comprehension Passages 2nd Grade BUNDLE,$18.00,$14.40,1,Single,Completed
04/20/2026,108,Test Prep Math Review Spiral,$6.00,$4.80,1,Single,Completed
04/21/2026,104,Multiplication Facts Fluency Games,$15.00,$12.00,3,Multiple,Completed
04/21/2026,108,Test Prep Math Review Spiral,$6.00,$4.80,1,Single,Completed
04/22/2026,108,Test Prep Math Review Spiral,$14.40,$11.52,3,Multiple,Completed
04/25/2026,108,Test Prep Math Review Spiral,$18.00,$14.40,3,Multiple,Completed
04/26/2026,101,Fraction Task Cards 3rd Grade | Equivalent Fractions,$3.20,$2.56,1,Single,Completed
04/26/2026,108,Test Prep Math Review Spiral,$6.00,$4.80,1,Single,Completed
04/27/2026,101,Fraction Task Cards 3rd Grade | Equivalent Fractions,$4.00,$3.20,1,Single,Completed
04/27/2026,108,Test Prep Math Review Spiral,$6.00,$4.80,1,Single,Completed
04/28/2026,103,Reading Comprehension Passages 2nd Grade BUNDLE,$18.00,$14.40,1,Single,Completed
04/28/2026,104,Multiplication Facts Fluency Games,$20.00,$16.00,5,Multiple,Completed
04/29/2026,108,Test Prep Math Review Spiral,$6.00,$4.80,1,Single,Completed
04/30/2026,105,Halloween Math Centers 3rd Grade,$9.00,$7.20,2,Multiple,Completed
04/30/2026,106,End of Year Memory Book,$3.50,$2.80,1,Single,Completed
04/30/2026,107,Place Value Anchor Charts,$2.00,$1.30,1,Single,Completed
05/01/2026,102,Back to School All About Me Activities,$4.80,$3.84,2,Multiple,Completed
05/01/2026,106,End of Year Memory Book,$3.50,$2.80,1,Single,Completed
05/02/2026,104,Multiplication Facts Fluency Games,$5.00,$4.00,1,Single,Completed
05/02/2026,106,End of Year Memory Book,$7.00,$5.60,2,Multiple,Completed
05/02/2026,108,Test Prep Math Review Spiral,$4.80,$3.84,1,Single,Completed
05/04/2026,101,Fraction Task Cards 3rd Grade | Equivalent Fractions,$4.00,$3.20,1,Single,Completed
05/05/2026,104,Multiplication Facts Fluency Games,$5.00,$4.00,1,Single,Completed
05/05/2026,107,Place Value Anchor Charts,$2.00,$1.30,1,Single,Completed
05/06/2026,103,Reading Comprehension Passages 2nd Grade BUNDLE,$18.00,$14.40,1,Single,Completed
05/06/2026,104,Multiplication Facts Fluency Games,$5.00,$4.00,1,Single,Completed
05/06/2026,106,End of Year Memory Book,$10.50,$8.40,3,Multiple,Completed
05/07/2026,104,Multiplication Facts Fluency Games,$10.00,$8.00,2,Multiple,Completed
05/07/2026,106,End of Year Memory Book,$3.50,$2.80,1,Single,Completed
05/07/2026,108,Test Prep Math Review Spiral,$6.00,$4.80,1,Single,Completed
05/08/2026,101,Fraction Task Cards 3rd Grade | Equivalent Fractions,$4.00,$3.20,1,Single,Completed
05/08/2026,107,Place Value Anchor Charts,$10.00,$8.00,5,Multiple,Completed
05/08/2026,107,Place Value Anchor Charts,$2.00,$-1.30,1,Single,Refunded
05/08/2026,107,Place Value Anchor Charts,$10.00,$8.00,5,Multiple,Completed
05/09/2026,104,Multiplication Facts Fluency Games,$25.00,$20.00,5,Multiple,Completed
05/09/2026,108,Test Prep Math Review Spiral,$12.00,$9.60,2,Multiple,Completed
05/10/2026,101,Fraction Task Cards 3rd Grade | Equivalent Fractions,$8.00,$6.40,2,Multiple,Completed
05/11/2026,104,Multiplication Facts Fluency Games,$15.00,$12.00,3,Multiple,Completed
05/11/2026,106,End of Year Memory Book,$3.50,$2.80,1,Single,Completed
05/12/2026,106,End of Year Memory Book,$3.50,$2.80,1,Single,Completed
05/13/2026,104,Multiplication Facts Fluency Games,$5.00,$4.00,1,Single,Completed
05/13/2026,104,Multiplication Facts Fluency Games,$5.00,$4.00,1,Single,Completed
05/14/2026,101,Fraction Task Cards 3rd Grade | Equivalent Fractions,$16.00,$12.80,5,Multiple,Completed
05/14/2026,104,Multiplication Facts Fluency Games,$5.00,$4.00,1,Single,Completed
05/15/2026,103,Reading Comprehension Passages 2nd Grade BUNDLE,$18.00,$14.40,1,Single,Completed
05/15/2026,107,Place Value Anchor Charts,$2.00,$1.30,1,Single,Completed
05/16/2026,103,Reading Comprehension Passages 2nd Grade BUNDLE,$90.00,$72.00,5,Multiple,Completed
05/16/2026,103,Reading Comprehension Passages 2nd Grade BUNDLE,$18.00,$14.40,1,Single,Completed
05/18/2026,101,Fraction Task Cards 3rd Grade | Equivalent Fractions,$4.00,$3.20,1,Single,Completed
05/18/2026,108,Test Prep Math Review Spiral,$6.00,$4.80,1,Single,Completed
05/19/2026,102,Back to School All About Me Activities,$2.40,$1.62,1,Single,Completed
05/19/2026,107,Place Value Anchor Charts,$2.00,$1.30,1,Single,Completed
05/20/2026,102,Back to School All About Me Activities,$3.00,$2.40,1,Single,Completed
05/21/2026,106,End of Year Memory Book,$3.50,$2.80,1,Single,Completed
05/21/2026,106,End of Year Memory Book,$10.50,$-8.40,3,Multiple,Refunded
05/22/2026,102,Back to School All About Me Activities,$3.00,$2.40,1,Single,Completed
05/22/2026,104,Multiplication Facts Fluency Games,$25.00,$20.00,5,Multiple,Completed
05/23/2026,104,Multiplication Facts Fluency Games,$5.00,$4.00,1,Single,Completed
05/23/2026,105,Halloween Math Centers 3rd Grade,$3.60,$2.88,1,Single,Completed
05/24/2026,104,Multiplication Facts Fluency Games,$5.00,$4.00,1,Single,Completed
05/24/2026,106,End of Year Memory Book,$2.80,$1.94,1,Single,Completed
05/25/2026,104,Multiplication Facts Fluency Games,$5.00,$4.00,1,Single,Completed
05/26/2026,106,End of Year Memory Book,$2.80,$1.94,1,Single,Completed
05/26/2026,106,End of Year Memory Book,$2.80,$-1.94,1,Single,Refunded
05/27/2026,101,Fraction Task Cards 3rd Grade | Equivalent Fractions,$4.00,$3.20,1,Single,Completed
05/28/2026,102,Back to School All About Me Activities,$2.40,$1.62,1,Single,Completed
05/29/2026,102,Back to School All About Me Activities,$3.00,$2.40,1,Single,Completed
05/29/2026,104,Multiplication Facts Fluency Games,$25.00,$20.00,5,Multiple,Completed
05/30/2026,104,Multiplication Facts Fluency Games,$5.00,$4.00,1,Single,Completed
05/31/2026,101,Fraction Task Cards 3rd Grade | Equivalent Fractions,$3.20,$2.56,1,Single,Completed
05/31/2026,104,Multiplication Facts Fluency Games,$4.00,$3.20,1,Single,Completed
05/31/2026,106,End of Year Memory Book,$3.50,$2.80,1,Single,Completed
05/31/2026,108,Test Prep Math Review Spiral,$6.00,$4.80,1,Single,Completed
06/05/2026,103,Reading Comprehension Passages 2nd Grade BUNDLE,$18.00,$14.40,1,Single,Completed
06/05/2026,104,Multiplication Facts Fluency Games,$5.00,$4.00,1,Single,Completed
06/06/2026,101,Fraction Task Cards 3rd Grade | Equivalent Fractions,$4.00,$3.20,1,Single,Completed
06/07/2026,106,End of Year Memory Book,$3.50,$2.80,1,Single,Completed
06/08/2026,104,Multiplication Facts Fluency Games,$20.00,$16.00,5,Multiple,Completed
06/09/2026,104,Multiplication Facts Fluency Games,$5.00,$4.00,1,Single,Completed
06/09/2026,106,End of Year Memory Book,$3.50,$2.80,1,Single,Completed
06/12/2026,101,Fraction Task Cards 3rd Grade | Equivalent Fractions,$4.00,$3.20,1,Single,Completed
06/12/2026,104,Multiplication Facts Fluency Games,$5.00,$4.00,1,Single,Completed
06/16/2026,105,Halloween Math Centers 3rd Grade,$4.50,$3.60,1,Single,Completed
06/16/2026,106,End of Year Memory Book,$17.50,$14.00,5,Multiple,Completed
06/17/2026,104,Multiplication Facts Fluency Games,$8.00,$6.40,2,Multiple,Completed
06/21/2026,104,Multiplication Facts Fluency Games,$15.00,$12.00,3,Multiple,Completed
06/22/2026,104,Multiplication Facts Fluency Games,$5.00,$4.00,1,Single,Completed
06/23/2026,106,End of Year Memory Book,$3.50,$2.80,1,Single,Completed
06/24/2026,101,Fraction Task Cards 3rd Grade | Equivalent Fractions,$4.00,$3.20,1,Single,Completed
06/25/2026,106,End of Year Memory Book,$2.80,$1.94,1,Single,Completed
06/26/2026,101,Fraction Task Cards 3rd Grade | Equivalent Fractions,$4.00,$3.20,1,Single,Completed
06/27/2026,108,Test Prep Math Review Spiral,$6.00,$4.80,1,Single,Completed
06/28/2026,106,End of Year Memory Book,$2.80,$1.94,1,Single,Completed
06/30/2026,103,Reading Comprehension Passages 2nd Grade BUNDLE,$18.00,$14.40,1,Single,Completed
06/30/2026,104,Multiplication Facts Fluency Games,$5.00,$4.00,1,Single,Completed
07/01/2026,102,Back to School All About Me Activities,$3.00,$2.40,1,Single,Completed
07/01/2026,104,Multiplication Facts Fluency Games,$5.00,$4.00,1,Single,Completed
07/02/2026,102,Back to School All About Me Activities,$3.00,$2.40,1,Single,Completed
07/02/2026,102,Back to School All About Me Activities,$2.40,$1.62,1,Single,Completed
07/02/2026,102,Back to School All About Me Activities,$3.00,$2.40,1,Single,Completed
07/02/2026,108,Test Prep Math Review Spiral,$12.00,$9.60,2,Multiple,Completed
07/03/2026,103,Reading Comprehension Passages 2nd Grade BUNDLE,$54.00,$43.20,3,Multiple,Completed
07/03/2026,104,Multiplication Facts Fluency Games,$4.00,$3.20,1,Single,Completed
07/03/2026,108,Test Prep Math Review Spiral,$18.00,$14.40,3,Multiple,Completed
07/05/2026,104,Multiplication Facts Fluency Games,$5.00,$4.00,1,Single,Completed
07/06/2026,102,Back to School All About Me Activities,$3.00,$2.40,1,Single,Completed
07/06/2026,104,Multiplication Facts Fluency Games,$4.00,$3.20,1,Single,Completed
07/06/2026,104,Multiplication Facts Fluency Games,$4.00,$3.20,1,Single,Completed
07/06/2026,104,Multiplication Facts Fluency Games,$10.00,$8.00,2,Multiple,Completed
07/06/2026,107,Place Value Anchor Charts,$2.00,$1.30,1,Single,Completed
07/07/2026,104,Multiplication Facts Fluency Games,$4.00,$3.20,1,Single,Completed
07/08/2026,102,Back to School All About Me Activities,$15.00,$12.00,5,Multiple,Completed
07/08/2026,106,End of Year Memory Book,$10.50,$8.40,3,Multiple,Completed
07/08/2026,108,Test Prep Math Review Spiral,$12.00,$9.60,2,Multiple,Completed
07/09/2026,102,Back to School All About Me Activities,$7.20,$5.76,3,Multiple,Completed
07/09/2026,102,Back to School All About Me Activities,$2.40,$1.62,1,Single,Completed
07/09/2026,108,Test Prep Math Review Spiral,$6.00,$4.80,1,Single,Completed
07/11/2026,102,Back to School All About Me Activities,$3.00,$2.40,1,Single,Completed
07/11/2026,102,Back to School All About Me Activities,$9.00,$7.20,3,Multiple,Completed
07/11/2026,102,Back to School All About Me Activities,$3.00,$2.40,1,Single,Completed
07/12/2026,102,Back to School All About Me Activities,$3.00,$2.40,1,Single,Completed
07/13/2026,102,Back to School All About Me Activities,$2.40,$1.62,1,Single,Completed
07/13/2026,105,Halloween Math Centers 3rd Grade,$22.50,$18.00,5,Multiple,Completed
07/14/2026,102,Back to School All About Me Activities,$3.00,$2.40,1,Single,Completed
07/15/2026,102,Back to School All About Me Activities,$2.40,$1.62,1,Single,Completed
07/15/2026,104,Multiplication Facts Fluency Games,$5.00,$4.00,1,Single,Completed
07/16/2026,107,Place Value Anchor Charts,$1.60,$0.98,1,Single,Completed
07/17/2026,102,Back to School All About Me Activities,$2.40,$1.62,1,Single,Completed
07/17/2026,104,Multiplication Facts Fluency Games,$4.00,$3.20,1,Single,Completed
07/18/2026,101,Fraction Task Cards 3rd Grade | Equivalent Fractions,$12.00,$9.60,3,Multiple,Completed
07/19/2026,104,Multiplication Facts Fluency Games,$5.00,$4.00,1,Single,Completed
07/20/2026,104,Multiplication Facts Fluency Games,$20.00,$16.00,5,Multiple,Completed
07/20/2026,104,Multiplication Facts Fluency Games,$25.00,$20.00,5,Multiple,Completed
07/20/2026,107,Place Value Anchor Charts,$4.00,$3.20,2,Multiple,Completed
07/22/2026,102,Back to School All About Me Activities,$3.00,$2.40,1,Single,Completed
07/22/2026,102,Back to School All About Me Activities,$6.00,$4.80,2,Multiple,Completed
07/22/2026,104,Multiplication Facts Fluency Games,$5.00,$4.00,1,Single,Completed
07/22/2026,107,Place Value Anchor Charts,$2.00,$1.30,1,Single,Completed
07/23/2026,102,Back to School All About Me Activities,$9.00,$7.20,3,Multiple,Completed
07/23/2026,102,Back to School All About Me Activities,$3.00,$2.40,1,Single,Completed
07/24/2026,103,Reading Comprehension Passages 2nd Grade BUNDLE,$90.00,$72.00,5,Multiple,Completed
07/24/2026,104,Multiplication Facts Fluency Games,$4.00,$3.20,1,Single,Completed
07/25/2026,102,Back to School All About Me Activities,$3.00,$2.40,1,Single,Completed
07/26/2026,101,Fraction Task Cards 3rd Grade | Equivalent Fractions,$3.20,$2.56,1,Single,Completed
07/26/2026,107,Place Value Anchor Charts,$6.00,$4.80,3,Multiple,Completed
07/27/2026,102,Back to School All About Me Activities,$6.00,$4.80,2,Multiple,Completed
07/27/2026,102,Back to School All About Me Activities,$3.00,$2.40,1,Single,Completed
07/27/2026,102,Back to School All About Me Activities,$2.40,$1.62,1,Single,Completed
07/27/2026,104,Multiplication Facts Fluency Games,$5.00,$4.00,1,Single,Completed
07/28/2026,104,Multiplication Facts Fluency Games,$4.00,$3.20,1,Single,Completed
07/29/2026,103,Reading Comprehension Passages 2nd Grade BUNDLE,$18.00,$14.40,1,Single,Completed
07/30/2026,102,Back to School All About Me Activities,$3.00,$2.40,1,Single,Completed
07/30/2026,102,Back to School All About Me Activities,$3.00,$2.40,1,Single,Completed
07/30/2026,102,Back to School All About Me Activities,$15.00,$12.00,5,Multiple,Completed
07/30/2026,104,Multiplication Facts Fluency Games,$5.00,$4.00,1,Single,Completed
07/30/2026,104,Multiplication Facts Fluency Games,$15.00,$12.00,3,Multiple,Completed
08/01/2026,102,Back to School All About Me Activities,$3.00,$2.40,1,Single,Completed
08/01/2026,102,Back to School All About Me Activities,$3.00,$2.40,1,Single,Completed
08/02/2026,101,Fraction Task Cards 3rd Grade | Equivalent Fractions,$4.00,$3.20,1,Single,Completed
08/02/2026,102,Back to School All About Me Activities,$9.00,$7.20,3,Multiple,Completed
08/02/2026,102,Back to School All About Me Activities,$15.00,$12.00,5,Multiple,Completed
08/02/2026,103,Reading Comprehension Passages 2nd Grade BUNDLE,$18.00,$14.40,1,Single,Completed
08/02/2026,106,End of Year Memory Book,$3.50,$2.80,1,Single,Completed
08/03/2026,102,Back to School All About Me Activities,$2.40,$1.62,1,Single,Completed
08/04/2026,101,Fraction Task Cards 3rd Grade | Equivalent Fractions,$3.20,$2.56,1,Single,Completed
08/04/2026,102,Back to School All About Me Activities,$2.40,$1.62,1,Single,Completed
08/04/2026,102,Back to School All About Me Activities,$2.40,$1.62,1,Single,Completed
08/04/2026,103,Reading Comprehension Passages 2nd Grade BUNDLE,$18.00,$14.40,1,Single,Completed
08/04/2026,104,Multiplication Facts Fluency Games,$5.00,$4.00,1,Single,Completed
08/05/2026,102,Back to School All About Me Activities,$3.00,$2.40,1,Single,Completed
08/05/2026,102,Back to School All About Me Activities,$3.00,$2.40,1,Single,Completed
08/05/2026,104,Multiplication Facts Fluency Games,$15.00,$12.00,3,Multiple,Completed
08/06/2026,102,Back to School All About Me Activities,$3.00,$2.40,1,Single,Completed
08/06/2026,104,Multiplication Facts Fluency Games,$5.00,$4.00,1,Single,Completed
08/07/2026,102,Back to School All About Me Activities,$2.40,$1.62,1,Single,Completed
08/07/2026,104,Multiplication Facts Fluency Games,$5.00,$4.00,1,Single,Completed
08/08/2026,102,Back to School All About Me Activities,$3.00,$2.40,1,Single,Completed
08/08/2026,104,Multiplication Facts Fluency Games,$5.00,$4.00,1,Single,Completed
08/09/2026,102,Back to School All About Me Activities,$9.00,$7.20,3,Multiple,Completed
08/10/2026,102,Back to School All About Me Activities,$15.00,$12.00,5,Multiple,Completed
08/10/2026,103,Reading Comprehension Passages 2nd Grade BUNDLE,$14.40,$11.52,1,Single,Completed
08/10/2026,108,Test Prep Math Review Spiral,$6.00,$4.80,1,Single,Completed
08/10/2026,108,Test Prep Math Review Spiral,$6.00,$4.80,1,Single,Completed
08/11/2026,101,Fraction Task Cards 3rd Grade | Equivalent Fractions,$4.00,$3.20,1,Single,Completed
08/11/2026,102,Back to School All About Me Activities,$3.00,$2.40,1,Single,Completed
08/11/2026,102,Back to School All About Me Activities,$2.40,$1.62,1,Single,Completed
08/11/2026,104,Multiplication Facts Fluency Games,$5.00,$4.00,1,Single,Completed
08/11/2026,104,Multiplication Facts Fluency Games,$5.00,$4.00,1,Single,Completed
08/11/2026,106,End of Year Memory Book,$3.50,$2.80,1,Single,Completed
08/12/2026,101,Fraction Task Cards 3rd Grade | Equivalent Fractions,$4.00,$3.20,1,Single,Completed
08/12/2026,102,Back to School All About Me Activities,$3.00,$2.40,1,Single,Completed
08/12/2026,102,Back to School All About Me Activities,$7.20,$5.76,3,Multiple,Completed
08/12/2026,104,Multiplication Facts Fluency Games,$4.00,$3.20,1,Single,Completed
08/13/2026,101,Fraction Task Cards 3rd Grade | Equivalent Fractions,$3.20,$2.56,1,Single,Completed
08/13/2026,102,Back to School All About Me Activities,$9.00,$7.20,3,Multiple,Completed
08/13/2026,103,Reading Comprehension Passages 2nd Grade BUNDLE,$18.00,$14.40,1,Single,Completed
08/14/2026,102,Back to School All About Me Activities,$2.40,$1.62,1,Single,Completed
08/14/2026,102,Back to School All About Me Activities,$2.40,$1.62,1,Single,Completed
08/14/2026,106,End of Year Memory Book,$7.00,$5.60,2,Multiple,Completed
08/15/2026,101,Fraction Task Cards 3rd Grade | Equivalent Fractions,$4.00,$3.20,1,Single,Completed
08/15/2026,102,Back to School All About Me Activities,$15.00,$12.00,5,Multiple,Completed
08/15/2026,102,Back to School All About Me Activities,$3.00,$2.40,1,Single,Completed
08/15/2026,103,Reading Comprehension Passages 2nd Grade BUNDLE,$18.00,$14.40,1,Single,Completed
08/15/2026,104,Multiplication Facts Fluency Games,$5.00,$4.00,1,Single,Completed
08/16/2026,102,Back to School All About Me Activities,$3.00,$2.40,1,Single,Completed
08/16/2026,102,Back to School All About Me Activities,$2.40,$1.62,1,Single,Completed
08/17/2026,102,Back to School All About Me Activities,$3.00,$2.40,1,Single,Completed
08/17/2026,103,Reading Comprehension Passages 2nd Grade BUNDLE,$18.00,$14.40,1,Single,Completed
08/18/2026,101,Fraction Task Cards 3rd Grade | Equivalent Fractions,$4.00,$3.20,1,Single,Completed
08/18/2026,102,Back to School All About Me Activities,$15.00,$12.00,5,Multiple,Completed
08/18/2026,102,Back to School All About Me Activities,$3.00,$2.40,1,Single,Completed
08/18/2026,104,Multiplication Facts Fluency Games,$5.00,$4.00,1,Single,Completed
08/18/2026,107,Place Value Anchor Charts,$2.00,$1.30,1,Single,Completed
08/19/2026,102,Back to School All About Me Activities,$3.00,$2.40,1,Single,Completed
08/19/2026,102,Back to School All About Me Activities,$3.00,$2.40,1,Single,Completed
08/19/2026,104,Multiplication Facts Fluency Games,$5.00,$4.00,1,Single,Completed
08/20/2026,102,Back to School All About Me Activities,$3.00,$2.40,1,Single,Completed
08/20/2026,104,Multiplication Facts Fluency Games,$4.00,$3.20,1,Single,Completed
08/20/2026,108,Test Prep Math Review Spiral,$4.80,$3.84,1,Single,Completed
08/21/2026,101,Fraction Task Cards 3rd Grade | Equivalent Fractions,$12.00,$9.60,3,Multiple,Completed
08/21/2026,102,Back to School All About Me Activities,$3.00,$2.40,1,Single,Completed
08/22/2026,102,Back to School All About Me Activities,$3.00,$2.40,1,Single,Completed
08/22/2026,102,Back to School All About Me Activities,$3.00,$2.40,1,Single,Completed
08/22/2026,103,Reading Comprehension Passages 2nd Grade BUNDLE,$54.00,$43.20,3,Multiple,Completed
08/22/2026,103,Reading Comprehension Passages 2nd Grade BUNDLE,$72.00,$57.60,5,Multiple,Completed
08/22/2026,107,Place Value Anchor Charts,$2.00,$1.30,1,Single,Completed
08/23/2026,102,Back to School All About Me Activities,$3.00,$2.40,1,Single,Completed
08/23/2026,102,Back to School All About Me Activities,$3.00,$2.40,1,Single,Completed
08/23/2026,103,Reading Comprehension Passages 2nd Grade BUNDLE,$14.40,$11.52,1,Single,Completed
08/23/2026,108,Test Prep Math Review Spiral,$4.80,$3.84,1,Single,Completed
08/24/2026,102,Back to School All About Me Activities,$3.00,$2.40,1,Single,Completed
08/24/2026,104,Multiplication Facts Fluency Games,$15.00,$12.00,3,Multiple,Completed
08/24/2026,105,Halloween Math Centers 3rd Grade,$4.50,$3.60,1,Single,Completed
08/25/2026,102,Back to School All About Me Activities,$3.00,$2.40,1,Single,Completed
08/25/2026,102,Back to School All About Me Activities,$3.00,$2.40,1,Single,Completed
08/26/2026,101,Fraction Task Cards 3rd Grade | Equivalent Fractions,$4.00,$-3.20,1,Single,Refunded
08/26/2026,102,Back to School All About Me Activities,$9.00,$7.20,3,Multiple,Completed
08/26/2026,105,Halloween Math Centers 3rd Grade,$4.50,$3.60,1,Single,Completed
08/26/2026,107,Place Value Anchor Charts,$2.00,$1.30,1,Single,Completed
08/27/2026,102,Back to School All About Me Activities,$3.00,$2.40,1,Single,Completed
08/27/2026,104,Multiplication Facts Fluency Games,$5.00,$4.00,1,Single,Completed
08/27/2026,105,Halloween Math Centers 3rd Grade,$22.50,$18.00,5,Multiple,Completed
08/28/2026,102,Back to School All About Me Activities,$3.00,$2.40,1,Single,Completed
08/28/2026,102,Back to School All About Me Activities,$7.20,$5.76,3,Multiple,Completed
08/28/2026,103,Reading Comprehension Passages 2nd Grade BUNDLE,$43.20,$34.56,3,Multiple,Completed
08/28/2026,105,Halloween Math Centers 3rd Grade,$22.50,$18.00,5,Multiple,Completed
08/29/2026,102,Back to School All About Me Activities,$2.40,$1.62,1,Single,Completed
08/29/2026,102,Back to School All About Me Activities,$3.00,$2.40,1,Single,Completed
08/30/2026,102,Back to School All About Me Activities,$3.00,$2.40,1,Single,Completed
08/30/2026,103,Reading Comprehension Passages 2nd Grade BUNDLE,$18.00,$14.40,1,Single,Completed
08/30/2026,104,Multiplication Facts Fluency Games,$5.00,$4.00,1,Single,Completed
08/30/2026,107,Place Value Anchor Charts,$2.00,$1.30,1,Single,Completed
08/31/2026,102,Back to School All About Me Activities,$3.00,$2.40,1,Single,Completed
08/31/2026,104,Multiplication Facts Fluency Games,$10.00,$8.00,2,Multiple,Completed
08/31/2026,104,Multiplication Facts Fluency Games,$20.00,$16.00,5,Multiple,Completed
09/01/2026,102,Back to School All About Me Activities,$3.00,$2.40,1,Single,Completed
09/01/2026,104,Multiplication Facts Fluency Games,$4.00,$3.20,1,Single,Completed
09/01/2026,104,Multiplication Facts Fluency Games,$4.00,$3.20,1,Single,Completed
09/01/2026,105,Halloween Math Centers 3rd Grade,$9.00,$7.20,2,Multiple,Completed
09/02/2026,102,Back to School All About Me Activities,$2.40,$1.62,1,Single,Completed
09/02/2026,105,Halloween Math Centers 3rd Grade,$3.60,$2.88,1,Single,Completed
09/03/2026,104,Multiplication Facts Fluency Games,$20.00,$16.00,5,Multiple,Completed
09/04/2026,102,Back to School All About Me Activities,$2.40,$1.62,1,Single,Completed
09/05/2026,102,Back to School All About Me Activities,$3.00,$2.40,1,Single,Completed
09/05/2026,103,Reading Comprehension Passages 2nd Grade BUNDLE,$18.00,$14.40,1,Single,Completed
09/05/2026,104,Multiplication Facts Fluency Games,$10.00,$8.00,2,Multiple,Completed
09/06/2026,102,Back to School All About Me Activities,$15.00,$12.00,5,Multiple,Completed
09/07/2026,102,Back to School All About Me Activities,$3.00,$2.40,1,Single,Completed
09/07/2026,104,Multiplication Facts Fluency Games,$5.00,$4.00,1,Single,Completed
09/08/2026,107,Place Value Anchor Charts,$2.00,$1.30,1,Single,Completed
09/09/2026,101,Fraction Task Cards 3rd Grade | Equivalent Fractions,$4.00,$3.20,1,Single,Completed
09/09/2026,102,Back to School All About Me Activities,$2.40,$1.62,1,Single,Completed
09/10/2026,102,Back to School All About Me Activities,$3.00,$2.40,1,Single,Completed
09/10/2026,105,Halloween Math Centers 3rd Grade,$4.50,$3.60,1,Single,Completed
09/11/2026,102,Back to School All About Me Activities,$4.80,$3.84,2,Multiple,Completed
09/11/2026,103,Reading Comprehension Passages 2nd Grade BUNDLE,$18.00,$14.40,1,Single,Completed
09/11/2026,103,Reading Comprehension Passages 2nd Grade BUNDLE,$14.40,$11.52,1,Single,Completed
09/11/2026,104,Multiplication Facts Fluency Games,$5.00,$4.00,1,Single,Completed
09/11/2026,105,Halloween Math Centers 3rd Grade,$4.50,$3.60,1,Single,Completed
09/12/2026,104,Multiplication Facts Fluency Games,$4.00,$3.20,1,Single,Completed
09/13/2026,103,Reading Comprehension Passages 2nd Grade BUNDLE,$18.00,$14.40,1,Single,Completed
09/13/2026,104,Multiplication Facts Fluency Games,$25.00,$20.00,5,Multiple,Completed
09/13/2026,107,Place Value Anchor Charts,$2.00,$1.30,1,Single,Completed
09/14/2026,102,Back to School All About Me Activities,$9.00,$7.20,3,Multiple,Completed
09/14/2026,103,Reading Comprehension Passages 2nd Grade BUNDLE,$14.40,$11.52,1,Single,Completed
09/15/2026,106,End of Year Memory Book,$3.50,$2.80,1,Single,Completed
09/16/2026,102,Back to School All About Me Activities,$2.40,$1.62,1,Single,Completed
09/16/2026,102,Back to School All About Me Activities,$9.00,$7.20,3,Multiple,Completed
09/16/2026,103,Reading Comprehension Passages 2nd Grade BUNDLE,$54.00,$43.20,3,Multiple,Completed
09/16/2026,106,End of Year Memory Book,$2.80,$1.94,1,Single,Completed
09/17/2026,104,Multiplication Facts Fluency Games,$10.00,$8.00,2,Multiple,Completed
09/17/2026,105,Halloween Math Centers 3rd Grade,$3.60,$2.88,1,Single,Completed
09/18/2026,101,Fraction Task Cards 3rd Grade | Equivalent Fractions,$4.00,$3.20,1,Single,Completed
09/18/2026,102,Back to School All About Me Activities,$3.00,$2.40,1,Single,Completed
09/18/2026,104,Multiplication Facts Fluency Games,$5.00,$4.00,1,Single,Completed
09/18/2026,105,Halloween Math Centers 3rd Grade,$4.50,$3.60,1,Single,Completed
09/19/2026,102,Back to School All About Me Activities,$6.00,$4.80,2,Multiple,Completed
09/19/2026,105,Halloween Math Centers 3rd Grade,$4.50,$3.60,1,Single,Completed
09/20/2026,103,Reading Comprehension Passages 2nd Grade BUNDLE,$43.20,$34.56,3,Multiple,Completed
09/20/2026,104,Multiplication Facts Fluency Games,$15.00,$12.00,3,Multiple,Completed
09/20/2026,106,End of Year Memory Book,$3.50,$2.80,1,Single,Completed
09/20/2026,108,Test Prep Math Review Spiral,$6.00,$4.80,1,Single,Completed
09/21/2026,102,Back to School All About Me Activities,$2.40,$1.62,1,Single,Completed
09/21/2026,106,End of Year Memory Book,$3.50,$2.80,1,Single,Completed
09/22/2026,104,Multiplication Facts Fluency Games,$5.00,$4.00,1,Single,Completed
09/23/2026,104,Multiplication Facts Fluency Games,$8.00,$6.40,2,Multiple,Completed
09/23/2026,106,End of Year Memory Book,$3.50,$2.80,1,Single,Completed
09/23/2026,108,Test Prep Math Review Spiral,$6.00,$4.80,1,Single,Completed
09/24/2026,102,Back to School All About Me Activities,$3.00,$2.40,1,Single,Completed
09/24/2026,102,Back to School All About Me Activities,$2.40,$1.62,1,Single,Completed
09/24/2026,106,End of Year Memory Book,$8.40,$6.72,3,Multiple,Completed
09/25/2026,103,Reading Comprehension Passages 2nd Grade BUNDLE,$18.00,$-14.40,1,Single,Refunded
09/25/2026,108,Test Prep Math Review Spiral,$18.00,$14.40,3,Multiple,Completed
09/26/2026,104,Multiplication Facts Fluency Games,$4.00,$3.20,1,Single,Completed
09/27/2026,106,End of Year Memory Book,$3.50,$2.80,1,Single,Completed
09/28/2026,101,Fraction Task Cards 3rd Grade | Equivalent Fractions,$8.00,$6.40,2,Multiple,Completed
09/28/2026,104,Multiplication Facts Fluency Games,$5.00,$4.00,1,Single,Completed
09/28/2026,106,End of Year Memory Book,$3.50,$2.80,1,Single,Completed
09/29/2026,104,Multiplication Facts Fluency Games,$20.00,$16.00,5,Multiple,Completed
09/30/2026,101,Fraction Task Cards 3rd Grade | Equivalent Fractions,$4.00,$3.20,1,Single,Completed
09/30/2026,102,Back to School All About Me Activities,$3.00,$2.40,1,Single,Completed
09/30/2026,103,Reading Comprehension Passages 2nd Grade BUNDLE,$54.00,$43.20,3,Multiple,Completed
09/30/2026,104,Multiplication Facts Fluency Games,$5.00,$4.00,1,Single,Completed
09/30/2026,108,Test Prep Math Review Spiral,$6.00,$4.80,1,Single,Completed
